DisplayName_lang,AlternateVerb_lang,Description_lang,HordeDisplayName_lang,NeutralDisplayName,ID,CategoryID,SpellIconFileID,CanLink,ParentSkillLineID,ParentTierIndex,Flags,SpellBookSpellID,ExpansionNameSharedStringID,HordeExpansionNameSharedStringID
Blacksmithing,,Higher smithing skill allows you to learn higher level smithing plans.  Blacksmithing plans can be found on trainers around the world as well as from quests and monsters.,,,164,11,136241,1,0,0,128,0,0,0
Alchemy,,Higher alchemy skill allows you to learn higher level alchemy recipes.  Alchemy recipes can be found on trainers around the world as well as from quests and monsters.,,,171,11,136240,1,0,0,128,0,0,0
Mining,,"Higher mining skill allows you to harvest more difficult minerals nodes around the world.  If you cannot harvest a specific mineral, then increase your skill by mining easier to mine minerals in lower level areas.",,,186,11,136248,0,0,0,128,0,0,0
Enchanting,,Higher enchanting skill allows you to learn more powerful formulae.  Formulae can be found on trainers around the world as well as from quests and monsters.,,,333,11,136244,1,0,0,128,0,0,0
Test Profession [DNT],,Higher skill allows you to learn higher level recipes.  Recipes can be found on trainers around the world as well as from quests and as drops from monsters.,,,2933,11,134400,1,0,0,4224,0,0,0
Alchemy,,Higher alchemy skill allows you to learn higher level alchemy recipes.  Alchemy recipes can be found on trainers around the world as well as from quests and monsters.,,,2937,11,136240,0,171,4,0,0,1160,0
Blacksmithing,,Higher smithing skill allows you to learn higher level smithing plans.  Blacksmithing plans can be found on trainers around the world as well as from quests and monsters.,,,2938,11,136241,0,164,4,0,0,1161,0
Enchanting,,Higher enchanting skill allows you to learn more powerful formulae.  Formulae can be found on trainers around the world as well as from quests and monsters.,,,2940,11,136244,0,333,4,0,0,1163,0
Mining,,"Higher mining skill allows you to harvest more difficult minerals nodes around the world.  If you cannot harvest a specific mineral, then increase your skill by mining easier to mine minerals in lower level areas.",,,2946,11,136248,0,186,4,0,0,1169,0
